1,Carissa,Preuvost,cpreuvost0@noaa.gov,Female
2,Jeramie,Rapelli,jrapelli1@reuters.com,Male
3,Constantin,Kerwen,ckerwen2@hexun.com,Male
4,Trevor,Linay,tlinay3@miibeian.gov.cn,Genderfluid
5,Jacob,Powton,jpowton4@businessweek.com,Male
6,Sibylle,Dallicoat,sdallicoat5@admin.ch,Female
7,Sterling,Stihl,sstihl6@about.com,Male
8,Pamelina,Hirschmann,phirschmann7@hhs.gov,Female
9,Emiline,Marc,emarc8@google.co.uk,Female
10,Zuzana,Brodeur,zbrodeur9@seattletimes.com,Female
11,Worthington,Childes,wchildesa@usatoday.com,Male
12,Chen,Langran,clangranb@walmart.com,Male
13,Ramsey,Birkbeck,rbirkbeckc@xrea.com,Male
14,Anica,Nunnerley,anunnerleyd@rediff.com,Female
15,Marv,Boissier,mboissiere@bloglovin.com,Male
16,Bartel,Hullock,bhullockf@ibm.com,Male
17,Ingelbert,Huddart,ihuddartg@mail.ru,Male
18,Rockwell,Delamar,rdelamarh@naver.com,Male
19,Winfield,Occleshaw,woccleshawi@amazon.co.jp,Male
20,Rice,Mardlin,rmardlinj@uol.com.br,Male
21,Jessee,Kester,jkesterk@admin.ch,Male
22,Marna,Billingham,mbillinghaml@cdbaby.com,Polygender
23,Chester,Toffetto,ctoffettom@prweb.com,Polygender
24,Clark,Gatchell,cgatchelln@marriott.com,Male
25,Annis,Lettice,aletticeo@webmd.com,Female
26,Jessalyn,Tumber,jtumberp@home.pl,Female
27,Morry,Gillford,mgillfordq@imageshack.us,Male
28,Pietrek,Caton,pcatonr@nydailynews.com,Male
29,Garrek,Willowby,gwillowbys@senate.gov,Male
30,Amata,Newcomb,anewcombt@nifty.com,Female
31,Llywellyn,Colvin,lcolvinu@utexas.edu,Male
32,Milton,Plover,mploverv@myspace.com,Male
33,Rufe,Cattermoul,rcattermoulw@bbb.org,Male
34,Damiano,Carnall,dcarnallx@cnn.com,Male
35,Llewellyn,Stormont,lstormonty@pcworld.com,Non-binary
36,Ingeberg,Cable,icablez@multiply.com,Female
37,Rupert,Surgood,rsurgood10@howstuffworks.com,Male
38,Abigael,Dallimare,adallimare11@thetimes.co.uk,Female
39,Vinni,Prinett,vprinett12@scientificamerican.com,Female
40,Antone,Beaconsall,abeaconsall13@so-net.ne.jp,Male
41,Elston,Arrow,earrow14@yahoo.co.jp,Male
42,Betti,Wapple,bwapple15@patch.com,Polygender
43,Weylin,Kettridge,wkettridge16@1688.com,Male
44,Patience,Flowith,pflowith17@army.mil,Female
45,Yvon,Eisikovitsh,yeisikovitsh18@imgur.com,Male
46,Christi,McDavitt,cmcdavitt19@spiegel.de,Non-binary
47,Alfy,Sykes,asykes1a@livejournal.com,Male
48,Gwyneth,Venard,gvenard1b@webs.com,Female
49,Simone,Spurriar,sspurriar1c@dell.com,Female
50,Domenico,Norkutt,dnorkutt1d@hhs.gov,Male
51,Howard,Snasel,hsnasel1e@twitpic.com,Male
52,Jard,Freshwater,jfreshwater1f@moonfruit.com,Male
53,Flossy,Polsin,fpolsin1g@360.cn,Female
54,Leslie,Poag,lpoag1h@marketwatch.com,Genderfluid
55,Beltran,Solway,bsolway1i@bloglovin.com,Male
56,Olin,Gorini,ogorini1j@elegantthemes.com,Male
57,Erastus,Ickowics,eickowics1k@irs.gov,Male
58,Lefty,Trickey,ltrickey1l@irs.gov,Male
59,Freedman,Smetoun,fsmetoun1m@qq.com,Male
60,Penny,Armin,parmin1n@yolasite.com,Male
61,Sherilyn,Oubridge,soubridge1o@google.com.br,Agender
62,Geoffry,Sturror,gsturror1p@simplemachines.org,Male
63,Stella,Medford,smedford1q@amazon.co.uk,Female
64,Matthiew,Guillou,mguillou1r@gizmodo.com,Male
65,Mychal,McMylor,mmcmylor1s@1und1.de,Male
66,Clement,Bahl,cbahl1t@unicef.org,Male
67,Codee,Wellwood,cwellwood1u@bizjournals.com,Female
68,Corrinne,Jowsey,cjowsey1v@gravatar.com,Female
69,Vivienne,Grent,vgrent1w@prnewswire.com,Female
70,Osbourne,Turnpenny,oturnpenny1x@xing.com,Male
71,Sarina,Audus,saudus1y@list-manage.com,Female
72,Hank,Lejeune,hlejeune1z@wisc.edu,Male
73,Eugenio,Letrange,eletrange20@trellian.com,Male
74,Millard,Goldsbrough,mgoldsbrough21@dion.ne.jp,Male
75,Mae,Povele,mpovele22@edublogs.org,Female
76,Harmon,Hayesman,hhayesman23@adobe.com,Male
77,Delcine,Saunder,dsaunder24@uol.com.br,Female
78,Rodd,Brewse,rbrewse25@sciencedaily.com,Non-binary
79,Rina,Wheelhouse,rwheelhouse26@oakley.com,Female
80,Upton,Waine,uwaine27@topsy.com,Male
81,Dallas,Duggon,dduggon28@icq.com,Female
82,Giulietta,Dagnall,gdagnall29@gnu.org,Female
83,Valina,Badcock,vbadcock2a@infoseek.co.jp,Female
84,Archibold,Driussi,adriussi2b@odnoklassniki.ru,Male
85,Luce,Normavell,lnormavell2c@geocities.com,Female
86,Silvanus,Pohlak,spohlak2d@cisco.com,Male
87,Fax,Joddins,fjoddins2e@booking.com,Male
88,Morgen,Lindwasser,mlindwasser2f@state.gov,Male
89,Gladi,Peeter,gpeeter2g@themeforest.net,Female
90,Glenn,Tofanelli,gtofanelli2h@marketwatch.com,Male
91,Johann,Mant,jmant2i@com.com,Male
92,Lucias,Coronas,lcoronas2j@disqus.com,Male
93,Nerissa,Minnis,nminnis2k@virginia.edu,Female
94,Fabiano,Prisley,fprisley2l@npr.org,Male
95,Judi,Lilley,jlilley2m@reference.com,Female
96,Heda,Willment,hwillment2n@163.com,Female
97,Tallie,Shuttlewood,tshuttlewood2o@lycos.com,Female
98,Layton,Lyon,llyon2p@sourceforge.net,Male
99,Herbert,Donoher,hdonoher2q@hhs.gov,Male
100,Sindee,Virgo,svirgo2r@fema.gov,Female
101,Murdock,Mariner,mmariner2s@ucoz.ru,Male
102,Nikkie,Pic,npic2t@sfgate.com,Female
103,Padriac,Wilde,pwilde2u@cisco.com,Male
104,Shurlocke,Durie,sdurie2v@statcounter.com,Polygender
105,Sheela,Houlden,shoulden2w@imdb.com,Genderfluid
106,Maybelle,Pendall,mpendall2x@slideshare.net,Genderqueer
107,Codee,Elleyne,celleyne2y@ucoz.ru,Female
108,Abramo,Edmans,aedmans2z@illinois.edu,Genderqueer
109,Marietta,Zielinski,mzielinski30@cisco.com,Genderqueer
110,Carlynn,Cure,ccure31@wordpress.org,Female
111,Cassie,Pietrzak,cpietrzak32@ameblo.jp,Female
112,Frederick,Gould,fgould33@bing.com,Male
113,Gilberto,Northover,gnorthover34@oakley.com,Male
114,Aubrey,Crutchfield,acrutchfield35@unicef.org,Male
115,Joanie,Maillard,jmaillard36@washington.edu,Female
116,Nealson,Collete,ncollete37@bing.com,Male
117,Vinny,Bartlomiejczyk,vbartlomiejczyk38@jalbum.net,Female
118,Dorolisa,Bartalucci,dbartalucci39@cnbc.com,Female
119,Lynette,Blandford,lblandford3a@walmart.com,Female
120,Ford,Wasling,fwasling3b@51.la,Male
121,Noak,Shah,nshah3c@macromedia.com,Male
122,Clayborn,Van der Spohr,cvanderspohr3d@illinois.edu,Male
123,Nathanael,Loadwick,nloadwick3e@xinhuanet.com,Male
124,Jean,Sotheby,jsotheby3f@gnu.org,Female
125,Thebault,Dennes,tdennes3g@gov.uk,Male
126,Rhodie,Bewick,rbewick3h@woothemes.com,Female
127,Lorrie,Krzyzanowski,lkrzyzanowski3i@intel.com,Male
128,Shauna,Loram,sloram3j@ox.ac.uk,Female
129,Augustina,Bucher,abucher3k@myspace.com,Female
130,Pansy,Astle,pastle3l@hubpages.com,Polygender
131,Ursola,Lamden,ulamden3m@dell.com,Female
132,Theodosia,Pruce,tpruce3n@rediff.com,Female
133,Deborah,Fosse,dfosse3o@tripadvisor.com,Female
134,Mimi,Barabisch,mbarabisch3p@google.es,Female
135,Roxie,Leile,rleile3q@alexa.com,Female
136,Malinda,Brayson,mbrayson3r@washingtonpost.com,Female
137,Carlita,Gritskov,cgritskov3s@posterous.com,Female
138,Mario,Cunah,mcunah3t@spotify.com,Male
139,Jeth,Terrans,jterrans3u@google.ca,Male
140,Darwin,Brende,dbrende3v@slate.com,Male
141,Hazel,Capeloff,hcapeloff3w@imdb.com,Female
142,Faith,Mussettini,fmussettini3x@acquirethisname.com,Female
143,Randi,Hodgets,rhodgets3y@epa.gov,Male
144,Nicolas,Feary,nfeary3z@jigsy.com,Male
145,Martin,MacTrustram,mmactrustram40@ehow.com,Male
146,Malena,Natt,mnatt41@dropbox.com,Female
147,Tommi,Matczak,tmatczak42@printfriendly.com,Female
148,Nissa,Gladdifh,ngladdifh43@shinystat.com,Female
149,Garth,Budik,gbudik44@cam.ac.uk,Male
150,Cookie,Lorentz,clorentz45@dagondesign.com,Female
151,Rustie,Durling,rdurling46@ezinearticles.com,Male
152,Clarence,Collum,ccollum47@nifty.com,Male
153,Bryanty,Cassely,bcassely48@meetup.com,Agender
154,Myra,Baldassi,mbaldassi49@newsvine.com,Female
155,Franny,Erley,ferley4a@unblog.fr,Female
156,Bryn,Valentetti,bvalentetti4b@trellian.com,Agender
157,Ronnica,Volk,rvolk4c@blogtalkradio.com,Female
158,Tandie,Gauler,tgauler4d@imgur.com,Female
159,Ewen,Eusden,eeusden4e@reference.com,Male
160,Garik,Kleinplatz,gkleinplatz4f@list-manage.com,Male
161,Atlanta,Sculpher,asculpher4g@nbcnews.com,Female
162,Ab,Berendsen,aberendsen4h@facebook.com,Male
163,Danika,Edwards,dedwards4i@macromedia.com,Female
164,Bartholomeus,Crump,bcrump4j@cbsnews.com,Male
165,Darcy,Tyrone,dtyrone4k@hhs.gov,Male
166,Lorette,Lillecrop,llillecrop4l@about.com,Female
167,Brandie,Gretton,bgretton4m@hc360.com,Female
168,Terri,Dunniom,tdunniom4n@answers.com,Female
169,Marcile,Seven,mseven4o@blogspot.com,Female
170,Norby,Hymans,nhymans4p@webeden.co.uk,Male
171,Amery,Lantaph,alantaph4q@marriott.com,Male
172,Corey,Damiata,cdamiata4r@weibo.com,Male
173,Lukas,Pettisall,lpettisall4s@time.com,Male
174,Binnie,Fakes,bfakes4t@utexas.edu,Female
175,Britt,Dabs,bdabs4u@alexa.com,Male
176,Newton,Northedge,nnorthedge4v@mapy.cz,Male
177,Loraine,Penchen,lpenchen4w@aol.com,Female
178,Alexei,Stetlye,astetlye4x@go.com,Male
179,Gilberto,Meredith,gmeredith4y@angelfire.com,Male
180,Eddy,Few,efew4z@cyberchimps.com,Female
181,Jordan,St Leger,jstleger50@nifty.com,Female
182,Carlyle,End,cend51@a8.net,Male
183,Devora,McWaters,dmcwaters52@answers.com,Female
184,Jacques,Lorence,jlorence53@vistaprint.com,Male
185,Pincas,Kob,pkob54@discovery.com,Male
186,Myrle,Slayford,mslayford55@imgur.com,Female
187,Tandie,Janic,tjanic56@squidoo.com,Female
188,Jerrilyn,Lownsbrough,jlownsbrough57@nsw.gov.au,Female
189,Andre,Vedishchev,avedishchev58@goo.ne.jp,Male
190,Jenilee,Pashley,jpashley59@ucoz.ru,Female
191,Zonda,MacIlraith,zmacilraith5a@phoca.cz,Bigender
192,Vail,Klaffs,vklaffs5b@china.com.cn,Male
193,Katya,Muir,kmuir5c@imdb.com,Female
194,Jamey,Yakutin,jyakutin5d@google.it,Male
195,Ban,Benedict,bbenedict5e@apple.com,Bigender
196,Brittne,Eyden,beyden5f@springer.com,Bigender
197,Maximilian,Dackombe,mdackombe5g@yahoo.com,Male
198,Bearnard,Goff,bgoff5h@cargocollective.com,Genderqueer
199,Padgett,Work,pwork5i@mayoclinic.com,Male
200,Justinn,Vinton,jvinton5j@guardian.co.uk,Polygender
201,Willy,Kimbling,wkimbling5k@smugmug.com,Female
202,Nathanael,Eriksson,neriksson5l@sciencedirect.com,Male
203,Burk,Stansbury,bstansbury5m@economist.com,Male
204,Oswell,Meddings,omeddings5n@geocities.com,Male
205,Dario,Peirazzi,dpeirazzi5o@amazon.de,Male
206,Maureene,Innerstone,minnerstone5p@sun.com,Female
207,Sascha,Ettery,settery5q@time.com,Male
208,Kristofer,Harses,kharses5r@patch.com,Male
209,Selestina,Filyukov,sfilyukov5s@samsung.com,Female
210,Baxter,Squibb,bsquibb5t@creativecommons.org,Male
211,Katheryn,Cree,kcree5u@mac.com,Female
212,Jerrold,Hedaux,jhedaux5v@de.vu,Male
213,Bryanty,Yockley,byockley5w@springer.com,Male
214,Gerianna,Gower,ggower5x@engadget.com,Female
215,Gay,Trundler,gtrundler5y@scientificamerican.com,Male
216,Zuzana,Vampouille,zvampouille5z@howstuffworks.com,Female
217,Lulita,Davydkov,ldavydkov60@zdnet.com,Female
218,Oates,Goracci,ogoracci61@vimeo.com,Polygender
219,Rodi,Campion,rcampion62@ehow.com,Bigender
220,Ellery,Copnell,ecopnell63@sphinn.com,Male
221,Ike,Caines,icaines64@ustream.tv,Male
222,Jocelin,Duckels,jduckels65@artisteer.com,Female
223,Lionello,Drayson,ldrayson66@ihg.com,Male
224,Rora,Yarnley,ryarnley67@facebook.com,Female
225,Aubree,Flewan,aflewan68@cbsnews.com,Female
226,Dee dee,Cregan,dcregan69@goodreads.com,Female
227,Gerald,Templar,gtemplar6a@google.ru,Male
228,Averil,Gimber,agimber6b@deliciousdays.com,Female
229,Stinky,Foad,sfoad6c@google.com.hk,Male
230,Keen,Lambin,klambin6d@java.com,Male
231,Bellina,Capinetti,bcapinetti6e@zdnet.com,Female
232,Bink,Hallex,bhallex6f@vistaprint.com,Male
233,Allis,Fearey,afearey6g@yolasite.com,Female
234,Townie,Gary,tgary6h@biblegateway.com,Male
235,Brynna,Stivani,bstivani6i@furl.net,Female
236,Shelley,de Clerq,sdeclerq6j@hibu.com,Male
237,Eli,Sycamore,esycamore6k@google.co.jp,Non-binary
238,Selle,Maddy,smaddy6l@nymag.com,Female
239,Melba,Poon,mpoon6m@blogs.com,Female
240,Georgette,MacDougall,gmacdougall6n@ucla.edu,Female
241,Amabel,Lantuffe,alantuffe6o@uiuc.edu,Female
242,Pate,McKean,pmckean6p@domainmarket.com,Male
243,Sibel,Renvoys,srenvoys6q@hhs.gov,Female
244,Maryrose,Jankiewicz,mjankiewicz6r@google.com.br,Female
245,Bear,Cowndley,bcowndley6s@nasa.gov,Male
246,Brew,Siburn,bsiburn6t@sakura.ne.jp,Genderfluid
247,Leese,Stiebler,lstiebler6u@163.com,Female
248,Mae,Yeskov,myeskov6v@wisc.edu,Female
249,Charley,Haylands,chaylands6w@uol.com.br,Male
250,Sandro,Banbrigge,sbanbrigge6x@blogger.com,Agender
251,Jordana,Dace,jdace6y@tinyurl.com,Female
252,Zeke,Rudeforth,zrudeforth6z@diigo.com,Male
253,Archie,Flatte,aflatte70@cdc.gov,Male
254,Anabel,Goff,agoff71@rambler.ru,Female
255,Alejandro,Kohneke,akohneke72@dedecms.com,Male
256,Malory,Stempe,mstempe73@multiply.com,Female
257,Gussie,Andryushchenko,gandryushchenko74@netscape.com,Female
258,Derward,Marchment,dmarchment75@google.com.hk,Male
259,Luella,Yusupov,lyusupov76@icio.us,Female
260,Sondra,Sharrard,ssharrard77@noaa.gov,Female
261,Elita,Warfield,ewarfield78@google.com.au,Female
262,Orville,Straniero,ostraniero79@domainmarket.com,Male
263,Jacynth,Dreelan,jdreelan7a@altervista.org,Agender
264,Meredith,Padwick,mpadwick7b@arstechnica.com,Female
265,Carree,Girodier,cgirodier7c@paypal.com,Female
266,Jaquelin,Angrove,jangrove7d@lycos.com,Non-binary
267,Edy,Trail,etrail7e@arstechnica.com,Female
268,Cornell,Olifard,colifard7f@miibeian.gov.cn,Male
269,Coralie,Rickett,crickett7g@wsj.com,Genderfluid
270,Artemis,Kenzie,akenzie7h@amazon.co.uk,Male
271,Templeton,Maffei,tmaffei7i@storify.com,Male
272,Kessia,Belch,kbelch7j@trellian.com,Female
273,Isadore,Aujean,iaujean7k@so-net.ne.jp,Male
274,Wilona,Henze,whenze7l@biblegateway.com,Female
275,Wildon,Slisby,wslisby7m@feedburner.com,Male
276,Joseph,Chessell,jchessell7n@huffingtonpost.com,Male
277,Cathyleen,Bapty,cbapty7o@instagram.com,Female
278,Shandra,Medland,smedland7p@amazon.de,Female
279,Steffi,Caughte,scaughte7q@w3.org,Female
280,Kitti,Bosher,kbosher7r@discuz.net,Female
281,Delphinia,Moller,dmoller7s@ycombinator.com,Female
282,Jenelle,Bramwich,jbramwich7t@seesaa.net,Female
283,Edwin,Keetch,ekeetch7u@un.org,Male
284,Nahum,Viggars,nviggars7v@g.co,Male
285,Ilyse,Tibols,itibols7w@cdbaby.com,Female
286,Christophe,Wyldbore,cwyldbore7x@weather.com,Non-binary
287,Kitty,Sowthcote,ksowthcote7y@artisteer.com,Female
288,Bjorn,Simkovich,bsimkovich7z@bigcartel.com,Male
289,Merry,Geggie,mgeggie80@globo.com,Agender
290,El,Toon,etoon81@geocities.jp,Male
291,Ryley,Andrysiak,randrysiak82@elegantthemes.com,Male
292,Calley,Worwood,cworwood83@msu.edu,Female
293,Ava,Robertet,arobertet84@geocities.com,Female
294,Morganica,Jezard,mjezard85@businessinsider.com,Female
295,Salvador,Deveraux,sdeveraux86@wikia.com,Male
296,Had,Methley,hmethley87@odnoklassniki.ru,Male
297,Lefty,Colbourne,lcolbourne88@sogou.com,Male
298,Constancy,Adlard,cadlard89@hugedomains.com,Female
299,Chantalle,Josuweit,cjosuweit8a@merriam-webster.com,Female
300,Dorothy,Scotchmore,dscotchmore8b@cloudflare.com,Female
301,Linnie,Hansman,lhansman8c@tripod.com,Female
302,Derward,Camel,dcamel8d@google.com.hk,Male
303,Beverly,Jacketts,bjacketts8e@howstuffworks.com,Female
304,Osmond,Losseljong,olosseljong8f@storify.com,Genderfluid
305,Janela,Dolphin,jdolphin8g@fotki.com,Female
306,Osgood,Andreone,oandreone8h@webmd.com,Male
307,Kipper,Goodricke,kgoodricke8i@paginegialle.it,Male
308,Darb,Berthod,dberthod8j@ebay.com,Male
309,Hedi,Knights,hknights8k@mashable.com,Female
310,Modesta,Hablot,mhablot8l@state.gov,Female
311,Carroll,Lanyon,clanyon8m@imdb.com,Male
312,Zach,Emmanueli,zemmanueli8n@cisco.com,Male
313,Chelsy,Flanner,cflanner8o@eventbrite.com,Genderfluid
314,Elicia,Line,eline8p@java.com,Female
315,Morgun,MacPhee,mmacphee8q@godaddy.com,Male
316,Margaretha,Kuscha,mkuscha8r@booking.com,Female
317,Starlin,Goodwin,sgoodwin8s@bing.com,Female
318,Dickie,Spacie,dspacie8t@sciencedaily.com,Male
319,Inga,Parlot,iparlot8u@alibaba.com,Non-binary
320,Eberhard,Backs,ebacks8v@behance.net,Male
321,Ingaberg,Leggatt,ileggatt8w@photobucket.com,Female
322,Raul,Stroton,rstroton8x@pbs.org,Male
323,Janifer,Stuttman,jstuttman8y@dyndns.org,Genderqueer
324,Horst,Featherstonhaugh,hfeatherstonhaugh8z@moonfruit.com,Male
325,Beltran,Wonter,bwonter90@histats.com,Male
326,Doyle,Blasdale,dblasdale91@canalblog.com,Genderfluid
327,Cyril,Lingfoot,clingfoot92@geocities.com,Male
328,Pincus,Crother,pcrother93@weebly.com,Male
329,Emmet,Inchcomb,einchcomb94@yolasite.com,Male
330,Anthony,Davenall,adavenall95@usatoday.com,Male
331,Jany,Cowan,jcowan96@wikipedia.org,Female
332,Allan,Ayers,aayers97@macromedia.com,Male
333,Gisela,Conyard,gconyard98@ustream.tv,Female
334,Town,Dahlberg,tdahlberg99@google.es,Male
335,Eamon,Stebbings,estebbings9a@qq.com,Male
336,Noella,Daldry,ndaldry9b@va.gov,Female
337,Cairistiona,Halwood,chalwood9c@google.pl,Female
338,Ira,Durrand,idurrand9d@xrea.com,Male
339,Micky,Rossiter,mrossiter9e@boston.com,Male
340,Tessy,D'Adamo,tdadamo9f@princeton.edu,Female
341,Krystal,Wedlake,kwedlake9g@imdb.com,Female
342,Berton,Truelove,btruelove9h@ca.gov,Genderqueer
343,Bartolemo,Whild,bwhild9i@wix.com,Male
344,Marylynne,Domniney,mdomniney9j@posterous.com,Female
345,Teodoor,Sansum,tsansum9k@ustream.tv,Male
346,Kaye,Byart,kbyart9l@marriott.com,Female
347,Rourke,Girodin,rgirodin9m@globo.com,Male
348,Ignace,Goaley,igoaley9n@google.com.br,Non-binary
349,Jarred,Itshak,jitshak9o@is.gd,Genderqueer
350,Valentin,Kleis,vkleis9p@yahoo.co.jp,Male
351,Izak,Goodnow,igoodnow9q@bandcamp.com,Male
352,Gustavus,Gregoletti,ggregoletti9r@blog.com,Male
353,Bert,Vasyanin,bvasyanin9s@ox.ac.uk,Female
354,Estrellita,Kettle,ekettle9t@drupal.org,Female
355,Darren,Mertel,dmertel9u@chron.com,Male
356,Rachael,Scrimgeour,rscrimgeour9v@zdnet.com,Female
357,Tootsie,Drabble,tdrabble9w@squidoo.com,Female
358,Gretal,Kennifick,gkennifick9x@google.nl,Female
359,Terrie,Caffery,tcaffery9y@imdb.com,Female
360,Neda,Degoey,ndegoey9z@cafepress.com,Genderqueer
361,Adelheid,Rodmell,arodmella0@prlog.org,Female
362,Agnesse,Cram,acrama1@google.com.hk,Female
363,Chan,Kalinovich,ckalinovicha2@qq.com,Male
364,Stillman,Farrall,sfarralla3@imgur.com,Male
365,Caron,Lindop,clindopa4@vistaprint.com,Female
366,Graham,Durak,gduraka5@house.gov,Male
367,Keely,Surplice,ksurplicea6@discuz.net,Female
368,Fredric,Iannitti,fiannittia7@myspace.com,Male
369,Dode,Wakerley,dwakerleya8@hugedomains.com,Female
370,Ebonee,Crosland,ecroslanda9@tumblr.com,Female
371,Domingo,Lobley,dlobleyaa@paypal.com,Male
372,Tildie,Bruneau,tbruneauab@spiegel.de,Female
373,Web,Elnough,welnoughac@trellian.com,Male
374,Barde,O'Hickee,bohickeead@google.com.hk,Male
375,Connie,Gainseford,cgainsefordae@sina.com.cn,Male
376,Parsifal,McReynolds,pmcreynoldsaf@ft.com,Male
377,Rey,Hurdman,rhurdmanag@newyorker.com,Female
378,Chickie,Ben,cbenah@biblegateway.com,Female
379,Elie,McKinnon,emckinnonai@domainmarket.com,Female
380,Hester,Willers,hwillersaj@ehow.com,Female
381,Addy,Puffett,apuffettak@slideshare.net,Female
382,Luise,Lidgley,llidgleyal@mtv.com,Female
383,Sal,Harold,sharoldam@comcast.net,Female
384,Cullie,Cleatherow,ccleatherowan@cnn.com,Male
385,Royall,Kildale,rkildaleao@nydailynews.com,Male
386,Madeleine,Colbourne,mcolbourneap@spiegel.de,Female
387,Guendolen,Luchetti,gluchettiaq@washington.edu,Polygender
388,Carlin,Dy,cdyar@google.cn,Male
389,Ketty,Grey,kgreyas@umn.edu,Female
390,Haily,Downage,hdownageat@bizjournals.com,Male
391,Emmaline,Hold,eholdau@biglobe.ne.jp,Female
392,Aubree,Pitchford,apitchfordav@creativecommons.org,Female
393,Kennedy,Van Daalen,kvandaalenaw@wiley.com,Male
394,Cicely,Kyd,ckydax@apache.org,Female
395,Sibyl,Grimster,sgrimsteray@wsj.com,Female
396,Dannie,Booty,dbootyaz@blogger.com,Male
397,Erich,Canadas,ecanadasb0@netlog.com,Male
398,Town,Blondelle,tblondelleb1@issuu.com,Male
399,Eduardo,Lindelof,elindelofb2@nationalgeographic.com,Male
400,Bartlett,Cleever,bcleeverb3@ameblo.jp,Male
401,Deb,Bwye,dbwyeb4@google.es,Female
402,Deane,Kenwright,dkenwrightb5@smh.com.au,Male
403,Reg,Grunder,rgrunderb6@uiuc.edu,Male
404,Culver,Dennidge,cdennidgeb7@e-recht24.de,Male
405,Hollie,Chittock,hchittockb8@surveymonkey.com,Female
406,Kira,Callender,kcallenderb9@marketwatch.com,Female
407,Giuseppe,Olivey,goliveyba@arizona.edu,Male
408,Heall,Krink,hkrinkbb@livejournal.com,Male
409,Alphonso,Janks,ajanksbc@abc.net.au,Male
410,Cynde,MacGillespie,cmacgillespiebd@blinklist.com,Female
411,Cathy,MacCaffery,cmaccafferybe@go.com,Agender
412,Noni,Mervyn,nmervynbf@huffingtonpost.com,Female
413,Mandie,Griston,mgristonbg@simplemachines.org,Female
414,Katinka,Snazle,ksnazlebh@diigo.com,Female
415,Rory,Haycock,rhaycockbi@is.gd,Male
416,Nanine,Walsh,nwalshbj@rediff.com,Female
417,Tallou,Craster,tcrasterbk@symantec.com,Female
418,Axe,McTurlough,amcturloughbl@spotify.com,Male
419,Garret,Cadell,gcadellbm@house.gov,Agender
420,Anabel,Antoszczyk,aantoszczykbn@dagondesign.com,Female
421,Molly,Stuchberry,mstuchberrybo@infoseek.co.jp,Female
422,Carey,Bollis,cbollisbp@comcast.net,Male
423,Homer,Hayworth,hhayworthbq@blogger.com,Male
424,Ezekiel,Redley,eredleybr@reverbnation.com,Bigender
425,Ashly,Alldre,aalldrebs@nature.com,Non-binary
426,Chandra,Raunds,craundsbt@walmart.com,Bigender
427,Shell,Cozens,scozensbu@amazon.com,Male
428,Vito,Dorie,vdoriebv@webs.com,Male
429,Prisca,Booty,pbootybw@wordpress.com,Female
430,Aubert,Flips,aflipsbx@indiatimes.com,Male
431,Van,Frisel,vfriselby@vimeo.com,Female
432,Dita,Pelfer,dpelferbz@prlog.org,Non-binary
433,Fern,Harbour,fharbourc0@vk.com,Female
434,Marleah,Mabley,mmableyc1@ezinearticles.com,Female
435,Delmer,Serjeant,dserjeantc2@qq.com,Male
436,Gaspar,Dahlgren,gdahlgrenc3@cnet.com,Male
437,Erinn,Biskupek,ebiskupekc4@blinklist.com,Female
438,Theadora,Kerrey,tkerreyc5@shinystat.com,Female
439,Ladonna,Quartermain,lquartermainc6@wikipedia.org,Female
440,Garnette,Ainslie,gainsliec7@amazon.co.jp,Female
441,Morlee,Delatour,mdelatourc8@uiuc.edu,Male
442,Diahann,McCurt,dmccurtc9@engadget.com,Female
443,Eliza,Kearsley,ekearsleyca@fc2.com,Female
444,Mackenzie,Weepers,mweeperscb@google.pl,Genderfluid
445,Scot,Rawsen,srawsencc@army.mil,Male
446,Zuzana,Biernacki,zbiernackicd@people.com.cn,Female
447,Jesselyn,Ivanenkov,jivanenkovce@blinklist.com,Female
448,Amerigo,Clemendet,aclemendetcf@mediafire.com,Male
449,Durante,Normanvell,dnormanvellcg@mac.com,Male
450,Georgy,Hurdis,ghurdisch@fema.gov,Bigender
451,Stanislaw,Langstone,slangstoneci@naver.com,Male
452,Sayres,Abrahmovici,sabrahmovicicj@yale.edu,Male
453,Deva,Doorey,ddooreyck@addthis.com,Polygender
454,Abigale,Elderbrant,aelderbrantcl@indiatimes.com,Female
455,Torrence,Bridgstock,tbridgstockcm@uiuc.edu,Genderqueer
456,Janek,McCaw,jmccawcn@jiathis.com,Male
457,Kit,O'Rudden,koruddenco@shutterfly.com,Male
458,Torey,Devonish,tdevonishcp@mediafire.com,Male
459,Diane-marie,Hender,dhendercq@paginegialle.it,Female
460,Rriocard,Tadlow,rtadlowcr@msn.com,Male
461,Ragnar,Warkup,rwarkupcs@addthis.com,Male
462,Florrie,Kasparski,fkasparskict@usda.gov,Female
463,Terry,Murrell,tmurrellcu@hibu.com,Male
464,Marilyn,Craigmyle,mcraigmylecv@vimeo.com,Bigender
465,Callie,Synnott,csynnottcw@multiply.com,Female
466,Marcos,Scanlan,mscanlancx@wikipedia.org,Non-binary
467,Georgine,Gleave,ggleavecy@hugedomains.com,Non-binary
468,Bernardina,Wherrett,bwherrettcz@ameblo.jp,Female
469,Judy,Dummett,jdummettd0@google.it,Female
470,Tiffi,Mighele,tmigheled1@w3.org,Female
471,Merwin,Conibeer,mconibeerd2@usda.gov,Male
472,Ortensia,Bertelmot,obertelmotd3@w3.org,Genderfluid
473,Janice,Symson,jsymsond4@a8.net,Female
474,Giselbert,Cothey,gcotheyd5@goo.gl,Male
475,Goober,Lammertz,glammertzd6@comsenz.com,Male
476,Jocko,Drabble,jdrabbled7@reuters.com,Male
477,Engelbert,Wade,ewaded8@canalblog.com,Male
478,Miguelita,Bysshe,mbysshed9@sitemeter.com,Female
479,Delmore,Beidebeke,dbeidebekeda@posterous.com,Male
480,Rees,Bradmore,rbradmoredb@hhs.gov,Male
481,Alanna,Darter,adarterdc@harvard.edu,Female
482,Daniela,Gerram,dgerramdd@dailymail.co.uk,Female
483,Elwood,Granger,egrangerde@examiner.com,Male
484,Valentin,Crowter,vcrowterdf@jigsy.com,Male
485,Almeda,Pizzie,apizziedg@acquirethisname.com,Female
486,Ethelbert,Brumham,ebrumhamdh@taobao.com,Genderfluid
487,Del,Redier,dredierdi@lulu.com,Female
488,Liam,Tubbs,ltubbsdj@vkontakte.ru,Male
489,Robinette,Fanthom,rfanthomdk@desdev.cn,Female
490,Stanwood,Mummery,smummerydl@smugmug.com,Male
491,Maddy,Galbreath,mgalbreathdm@cbslocal.com,Male
492,Alica,Bertomeu,abertomeudn@netscape.com,Non-binary
493,Cornie,Anthony,canthonydo@arizona.edu,Male
494,Madonna,Hamshere,mhamsheredp@uiuc.edu,Female
495,Archambault,Tofpik,atofpikdq@w3.org,Male
496,Vaughn,Fishbourn,vfishbourndr@discovery.com,Male
497,Mendie,Honnicott,mhonnicottds@uol.com.br,Male
498,Micheline,Haylett,mhaylettdt@nifty.com,Genderfluid
499,Astrid,Renner,arennerdu@washington.edu,Female
500,Marcela,Bamling,mbamlingdv@ucla.edu,Female
501,Jimmy,Dagless,jdaglessdw@economist.com,Male
502,Jarred,Cuseck,jcuseckdx@a8.net,Male
503,Alano,Epp,aeppdy@cnn.com,Male
504,Maude,MacKeague,mmackeaguedz@sourceforge.net,Female
505,Raphael,Purkess,rpurkesse0@blog.com,Male
506,Erik,Martel,emartele1@list-manage.com,Male
507,Blanca,Parkman,bparkmane2@soup.io,Female
508,Robinetta,Monument,rmonumente3@hc360.com,Female
509,Gerick,Thandi,gthandie4@sakura.ne.jp,Male
510,Jilleen,Mill,jmille5@washington.edu,Female
511,Biddie,Topaz,btopaze6@examiner.com,Non-binary
512,Sax,Coddrington,scoddringtone7@google.ru,Male
513,Jamey,McCheyne,jmccheynee8@creativecommons.org,Male
514,Thomasine,Bonaire,tbonairee9@imdb.com,Female
515,Frederique,Deegin,fdeeginea@latimes.com,Female
516,Nanice,Whatham,nwhathameb@stanford.edu,Female
517,Prentice,Andriveaux,pandriveauxec@tiny.cc,Male
518,Sharona,Pardew,spardewed@imageshack.us,Female
519,Anestassia,Davy,adavyee@blogger.com,Female
520,Clint,Liptrot,cliptrotef@facebook.com,Male
521,Cesare,Tarbatt,ctarbatteg@cbsnews.com,Male
522,Amerigo,Vittore,avittoreeh@last.fm,Bigender
523,Rosemonde,Jochanany,rjochananyei@angelfire.com,Female
524,Jessey,Yakubovich,jyakubovichej@blogtalkradio.com,Male
525,Salomone,Hexum,shexumek@sitemeter.com,Male
526,Misti,Gerard,mgerardel@nyu.edu,Female
527,Tome,Powell,tpowellem@baidu.com,Male
528,My,Edgeley,medgeleyen@ovh.net,Male
529,Ronald,Merrin,rmerrineo@zimbio.com,Male
530,Wileen,Cosin,wcosinep@dion.ne.jp,Female
531,Lorry,Hand,lhandeq@cbslocal.com,Female
532,Ninetta,Deplacido,ndeplacidoer@wsj.com,Female
533,Thorin,Caesmans,tcaesmanses@weebly.com,Agender
534,Winslow,Cawt,wcawtet@wired.com,Male
535,Deonne,McKain,dmckaineu@networksolutions.com,Female
536,Trudi,Fullick,tfullickev@lulu.com,Female
537,Neall,Anglim,nanglimew@technorati.com,Male
538,Anabal,Spridgen,aspridgenex@google.com.au,Female
539,Biron,Jozaitis,bjozaitisey@prweb.com,Male
540,Augustine,Havik,ahavikez@ox.ac.uk,Male
541,Fayre,Calrow,fcalrowf0@archive.org,Female
542,Fulton,Pigram,fpigramf1@pagesperso-orange.fr,Male
543,Ginnifer,Grinyer,ggrinyerf2@bloglovin.com,Female
544,Chris,Bricham,cbrichamf3@simplemachines.org,Female
545,Dom,Noel,dnoelf4@dropbox.com,Male
546,Viviene,Headly,vheadlyf5@fotki.com,Agender
547,Joli,Streak,jstreakf6@columbia.edu,Female
548,Basilius,Mereweather,bmereweatherf7@senate.gov,Male
549,Therine,Cayford,tcayfordf8@pagesperso-orange.fr,Female
550,Abbey,Billin,abillinf9@nature.com,Polygender
551,Rosaline,McAneny,rmcanenyfa@oakley.com,Female
552,Izak,Eshmade,ieshmadefb@scribd.com,Male
553,Maximo,Chiechio,mchiechiofc@zdnet.com,Male
554,Bliss,Khomin,bkhominfd@github.com,Female
555,Sosanna,Canton,scantonfe@sphinn.com,Female
556,Hildegaard,Blaby,hblabyff@dell.com,Female
557,Averil,Davidsen,adavidsenfg@usatoday.com,Female
558,Trula,Duchart,tduchartfh@scribd.com,Female
559,Casper,Wilding,cwildingfi@samsung.com,Male
560,Ellette,Scheffel,escheffelfj@sakura.ne.jp,Female
561,Barde,Hemerijk,bhemerijkfk@cnet.com,Male
562,Anet,Onraet,aonraetfl@barnesandnoble.com,Female
563,Hube,Keeffe,hkeeffefm@squidoo.com,Male
564,Tess,Bidder,tbidderfn@dedecms.com,Female
565,Emlynn,Larrad,elarradfo@pcworld.com,Female
566,Ozzie,Kellegher,okellegherfp@paypal.com,Male
567,Marmaduke,Kenealy,mkenealyfq@yale.edu,Male
568,Terrijo,Magill,tmagillfr@networkadvertising.org,Female
569,Althea,Lamont,alamontfs@issuu.com,Female
570,Bibbie,Brugemann,bbrugemannft@indiegogo.com,Agender
571,Rene,Denerley,rdenerleyfu@wordpress.com,Male
572,Kermie,Rathke,krathkefv@shinystat.com,Polygender
573,Jehanna,Mordey,jmordeyfw@admin.ch,Female
574,Sherline,Allen,sallenfx@furl.net,Female
575,Heindrick,Iverson,hiversonfy@aol.com,Male
576,Merlina,Charter,mcharterfz@wikipedia.org,Female
577,Claudell,Galsworthy,cgalsworthyg0@so-net.ne.jp,Polygender
578,Deedee,Gofton,dgoftong1@gizmodo.com,Female
579,Karil,Bilton,kbiltong2@shinystat.com,Female
580,Carleton,Quipp,cquippg3@icio.us,Male
581,Maurise,Blakeborough,mblakeboroughg4@comsenz.com,Male
582,Shawn,Hearnshaw,shearnshawg5@usnews.com,Male
583,Putnem,Hattoe,phattoeg6@scribd.com,Male
584,Barris,Seif,bseifg7@google.com.hk,Male
585,Mariellen,Tordiffe,mtordiffeg8@statcounter.com,Female
586,Christos,Matson,cmatsong9@answers.com,Male
587,Arabela,Linskill,alinskillga@51.la,Female
588,Julia,Gillbey,jgillbeygb@mlb.com,Female
589,Brier,Colbridge,bcolbridgegc@go.com,Polygender
590,Celina,Dafter,cdaftergd@xinhuanet.com,Female
591,Lauretta,Di Giacomo,ldigiacomoge@youku.com,Female
592,Donn,Lewsam,dlewsamgf@miibeian.gov.cn,Male
593,Langsdon,Hayfield,lhayfieldgg@sphinn.com,Male
594,Piotr,Dreng,pdrenggh@behance.net,Male
595,Dex,Hamby,dhambygi@canalblog.com,Male
596,Carley,Hosby,chosbygj@chicagotribune.com,Female
597,Nikolai,Cuss,ncussgk@forbes.com,Genderfluid
598,Scotti,Fidock,sfidockgl@smh.com.au,Male
599,Aurelia,Lionel,alionelgm@domainmarket.com,Female
600,Teodora,Corah,tcorahgn@furl.net,Female
601,Vevay,Bockmaster,vbockmastergo@cnet.com,Female
602,Antin,Herche,aherchegp@parallels.com,Male
603,Ashton,Rookes,arookesgq@usa.gov,Male
604,Essy,Carlaw,ecarlawgr@yellowpages.com,Female
605,Tony,Houltham,thoulthamgs@arstechnica.com,Female
606,Tome,Chopin,tchopingt@free.fr,Male
607,Charles,Dorre,cdorregu@cafepress.com,Male
608,Melisande,Bonson,mbonsongv@spiegel.de,Female
609,Artie,Murrigan,amurrigangw@shutterfly.com,Male
610,Julius,Erdes,jerdesgx@amazonaws.com,Male
611,Daryn,Warrilow,dwarrilowgy@xrea.com,Female
612,Christy,Found,cfoundgz@pbs.org,Female
613,Lorrie,Kilmurray,lkilmurrayh0@spiegel.de,Female
614,Butch,Debold,bdeboldh1@nhs.uk,Male
615,Tome,Buckam,tbuckamh2@icio.us,Male
616,Joshua,Eggleton,jeggletonh3@youtu.be,Male
617,Stephenie,Wilcocke,swilcockeh4@dmoz.org,Female
618,Isabeau,Luxford,iluxfordh5@wufoo.com,Female
619,Wylie,Calles,wcallesh6@devhub.com,Male
620,Drusi,Balsillie,dbalsillieh7@google.pl,Female
621,Waverly,Chisman,wchismanh8@discovery.com,Male
622,Zeb,Hernik,zhernikh9@reuters.com,Male
623,Jsandye,McTeague,jmcteagueha@marketwatch.com,Female
624,Elva,Gillanders,egillandershb@kickstarter.com,Female
625,Isak,Verty,ivertyhc@mapy.cz,Male
626,Thadeus,Downage,tdownagehd@ezinearticles.com,Male
627,Laney,Eltringham,leltringhamhe@woothemes.com,Male
628,Desmond,Carlyle,dcarlylehf@oracle.com,Male
629,Hailee,Lindman,hlindmanhg@home.pl,Female
630,Kippar,Woolmore,kwoolmorehh@google.pl,Male
631,Kristyn,Vignal,kvignalhi@mail.ru,Female
632,Nester,Inge,ningehj@purevolume.com,Male
633,Ty,Iffe,tiffehk@360.cn,Male
634,Melanie,Gearing,mgearinghl@dion.ne.jp,Female
635,Raimundo,Klemz,rklemzhm@cpanel.net,Male
636,Clim,Ledamun,cledamunhn@cafepress.com,Male
637,Waly,Camps,wcampsho@ebay.co.uk,Female
638,Rob,Turvie,rturviehp@hibu.com,Male
639,Marlow,Lorenzetto,mlorenzettohq@shinystat.com,Male
640,Gianna,Sabbin,gsabbinhr@livejournal.com,Female
641,Bryon,Olyfat,bolyfaths@icio.us,Non-binary
642,Darla,Byass,dbyassht@drupal.org,Non-binary
643,Aubrie,Mundford,amundfordhu@blogspot.com,Female
644,Filide,Pocke,fpockehv@diigo.com,Female
645,Alida,Vasser,avasserhw@gravatar.com,Female
646,Cos,Gowman,cgowmanhx@discovery.com,Male
647,Lulu,Skudder,lskudderhy@cafepress.com,Female
648,Allin,Borthe,aborthehz@engadget.com,Male
649,Shalne,Guinery,sguineryi0@ftc.gov,Female
650,Agustin,Cicutto,acicuttoi1@cdbaby.com,Male
651,Town,McTeague,tmcteaguei2@cyberchimps.com,Male
652,Allis,Breens,abreensi3@alibaba.com,Female
653,Albert,Novello,anovelloi4@zdnet.com,Male
654,Christophe,Luckey,cluckeyi5@forbes.com,Male
655,Ollie,Bremeyer,obremeyeri6@cnbc.com,Female
656,Austin,Minette,aminettei7@boston.com,Male
657,Hamilton,Birkby,hbirkbyi8@twitter.com,Agender
658,Matias,Fearick,mfearicki9@free.fr,Male
659,Cookie,Harriott,charriottia@list-manage.com,Female
660,Tomas,Mathys,tmathysib@amazon.co.uk,Male
661,Janean,O'Finan,jofinanic@icq.com,Female
662,Gretel,Rawe,graweid@about.me,Female
663,Cobb,Trevain,ctrevainie@angelfire.com,Male
664,Jerrine,Ambage,jambageif@google.nl,Female
665,Philippa,Weighell,pweighellig@google.fr,Female
666,Tedi,Beaushaw,tbeaushawih@oakley.com,Female
667,Catrina,Twydell,ctwydellii@linkedin.com,Female
668,Frannie,Dafydd,fdafyddij@geocities.com,Male
669,Kinny,Zoren,kzorenik@chicagotribune.com,Polygender
670,Verney,Stanlack,vstanlackil@photobucket.com,Male
671,Hayley,Regus,hregusim@reddit.com,Female
672,Farrah,Brissard,fbrissardin@google.com.au,Female
673,Alphonso,Belford,abelfordio@mapquest.com,Male
674,Edy,Kerfoot,ekerfootip@domainmarket.com,Female
675,Yard,Caulcutt,ycaulcuttiq@storify.com,Male
676,Jewelle,Truse,jtruseir@netvibes.com,Female
677,Garv,Litchmore,glitchmoreis@cbsnews.com,Male
678,Wandis,Milthorpe,wmilthorpeit@si.edu,Female
679,Jamie,Lannen,jlanneniu@ftc.gov,Male
680,Ricard,Malthouse,rmalthouseiv@accuweather.com,Male
681,Munmro,Noblett,mnoblettiw@vk.com,Male
682,Vladamir,D'Acth,vdacthix@csmonitor.com,Male
683,Veronica,Penkethman,vpenkethmaniy@mozilla.org,Female
684,Poul,Livingstone,plivingstoneiz@adobe.com,Male
685,Vladimir,Brookshaw,vbrookshawj0@elpais.com,Male
686,Sigismundo,Jubert,sjubertj1@si.edu,Male
687,Annadiane,Clackson,aclacksonj2@youtu.be,Female
688,Ashla,Strafford,astraffordj3@arizona.edu,Female
689,Gaby,Romei,gromeij4@msn.com,Male
690,Juli,Morris,jmorrisj5@merriam-webster.com,Female
691,Aaren,Illesley,aillesleyj6@com.com,Agender
692,Sileas,Cottier,scottierj7@washington.edu,Female
693,Katherina,MacKowle,kmackowlej8@miitbeian.gov.cn,Female
694,Gilli,Getsham,ggetshamj9@so-net.ne.jp,Agender
695,Justis,Simmen,jsimmenja@macromedia.com,Male
696,Sanford,Cristofor,scristoforjb@livejournal.com,Male
697,Ernestus,Cottill,ecottilljc@wordpress.org,Male
698,Myrah,Beardshaw,mbeardshawjd@paypal.com,Female
699,Shandra,Pedrielli,spedriellije@nba.com,Female
700,Felicia,Kase,fkasejf@telegraph.co.uk,Female
701,Wally,Sawl,wsawljg@indiatimes.com,Female
702,Kaycee,Snary,ksnaryjh@ustream.tv,Female
703,Mauricio,Kendell,mkendellji@theglobeandmail.com,Male
704,Melany,Cattrell,mcattrelljj@independent.co.uk,Female
705,Netti,Oventon,noventonjk@rediff.com,Female
706,Panchito,Greaser,pgreaserjl@msu.edu,Polygender
707,Alistair,Falconer,afalconerjm@chron.com,Agender
708,Lorenzo,Ransbury,lransburyjn@craigslist.org,Male
709,Essa,Laird,elairdjo@so-net.ne.jp,Female
710,Nike,Wingrove,nwingrovejp@webmd.com,Female
711,Ilsa,Autry,iautryjq@illinois.edu,Female
712,Umberto,Gorner,ugornerjr@goo.gl,Male
713,Tani,Butler-Bowdon,tbutlerbowdonjs@joomla.org,Female
714,Webb,Tuxsell,wtuxselljt@senate.gov,Male
715,Ty,Fishbourn,tfishbournju@dropbox.com,Male
716,Fairfax,Blackhall,fblackhalljv@apache.org,Male
717,Mick,Jakubowicz,mjakubowiczjw@unblog.fr,Male
718,Maridel,Andrzej,mandrzejjx@friendfeed.com,Female
719,Leonardo,Uzielli,luziellijy@google.com.br,Male
720,Thor,Patroni,tpatronijz@stumbleupon.com,Male
721,Hamlin,Bartles,hbartlesk0@simplemachines.org,Male
722,Templeton,Villaret,tvillaretk1@stumbleupon.com,Male
723,Netty,Yakunkin,nyakunkink2@umich.edu,Genderfluid
724,Pip,Rembrant,prembrantk3@bluehost.com,Male
725,Marco,Gauntlett,mgauntlettk4@gizmodo.com,Male
726,Yardley,Craig,ycraigk5@skyrock.com,Male
727,Shantee,Viollet,sviolletk6@tamu.edu,Female
728,Abdel,Joscelin,ajoscelink7@wix.com,Male
729,Kellen,Norbury,knorburyk8@tamu.edu,Female
730,Celie,Doppler,cdopplerk9@thetimes.co.uk,Genderfluid
731,Vladimir,Tonbridge,vtonbridgeka@ezinearticles.com,Male
732,Granger,Argontt,gargonttkb@phoca.cz,Non-binary
733,Ines,Castan,icastankc@cnet.com,Female
734,Ody,Kuhle,okuhlekd@google.com.hk,Male
735,Tommie,Buesnel,tbuesnelke@discuz.net,Male
736,Keelia,Ogelbe,kogelbekf@ehow.com,Female
737,Pearle,Lorne,plornekg@ameblo.jp,Female
738,Allis,Kleinhausen,akleinhausenkh@mtv.com,Female
739,Percy,Maskew,pmaskewki@walmart.com,Male
740,Garwood,Dudman,gdudmankj@yahoo.co.jp,Male
741,Marilin,Tompkinson,mtompkinsonkk@ed.gov,Female
742,Carol-jean,Goshawke,cgoshawkekl@blogtalkradio.com,Female
743,Towney,McKinnon,tmckinnonkm@vinaora.com,Male
744,Connie,Eyes,ceyeskn@patch.com,Male
745,Koressa,Rieger,kriegerko@github.com,Female
746,Sandro,Gilfoyle,sgilfoylekp@huffingtonpost.com,Male
747,Harlen,Degli Antoni,hdegliantonikq@liveinternet.ru,Male
748,Gabbi,Bridgnell,gbridgnellkr@aol.com,Female
749,Jarvis,Goulding,jgouldingks@sina.com.cn,Male
750,Barnabe,Corstorphine,bcorstorphinekt@lulu.com,Male
751,Andree,Willshire,awillshireku@desdev.cn,Female
752,Richardo,Ferrai,rferraikv@flavors.me,Male
753,Jerry,Waudby,jwaudbykw@discovery.com,Male
754,Angel,Linsey,alinseykx@discovery.com,Male
755,Muriel,Peverell,mpeverellky@army.mil,Female
756,Mildrid,Caveau,mcaveaukz@soup.io,Female
757,Kevin,Benjefield,kbenjefieldl0@chronoengine.com,Male
758,Wiley,Winch,wwinchl1@huffingtonpost.com,Male
759,Dud,Lofthouse,dlofthousel2@etsy.com,Male
760,Alexei,Fyfield,afyfieldl3@army.mil,Male
761,Dennie,Hayhurst,dhayhurstl4@ca.gov,Male
762,Salome,Lemmon,slemmonl5@cisco.com,Female
763,Cecelia,Avramov,cavramovl6@hubpages.com,Female
764,Cathrin,Fouracre,cfouracrel7@jimdo.com,Female
765,Madelle,Van Hesteren,mvanhesterenl8@wordpress.com,Female
766,Bernetta,Charlick,bcharlickl9@un.org,Female
767,Randi,Owenson,rowensonla@vimeo.com,Male
768,Wendell,O'Docherty,wodochertylb@wp.com,Male
769,Anastasie,Stearndale,astearndalelc@google.co.jp,Female
770,Karalynn,Markham,kmarkhamld@adobe.com,Female
771,Davidson,Mattingley,dmattingleyle@ezinearticles.com,Male
772,Odette,Lanfear,olanfearlf@archive.org,Female
773,Fancy,Inchcomb,finchcomblg@feedburner.com,Female
774,Armand,Fahy,afahylh@ihg.com,Bigender
775,Lizbeth,Antoshin,lantoshinli@boston.com,Female
776,Emerson,Olek,eoleklj@sitemeter.com,Male
777,Nicol,Figgins,nfigginslk@tripod.com,Female
778,Elly,Barthelmes,ebarthelmesll@canalblog.com,Female
779,Halie,Mucci,hmuccilm@who.int,Female
780,Ira,Margaritelli,imargaritelliln@epa.gov,Male
781,Mike,Etty,mettylo@qq.com,Male
782,Ingaborg,Littell,ilittelllp@creativecommons.org,Female
783,Tera,Antonescu,tantonesculq@google.fr,Female
784,Maryellen,Quartly,mquartlylr@newyorker.com,Female
785,Jamima,Teape,jteapels@alexa.com,Female
786,Juliane,Dumbrill,jdumbrilllt@who.int,Female
787,Ursola,Souttar,usouttarlu@globo.com,Female
788,Kare,Laven,klavenlv@dyndns.org,Polygender
789,Sylvan,Niland,snilandlw@reverbnation.com,Male
790,Ami,O'Hara,aoharalx@sbwire.com,Bigender
791,Deerdre,Hambright,dhambrightly@youtu.be,Female
792,Murdock,Snoad,msnoadlz@sun.com,Male
793,Serena,Wabey,swabeym0@msn.com,Female
794,Vivian,Mawson,vmawsonm1@ed.gov,Female
795,Orelie,Mickleborough,omickleboroughm2@quantcast.com,Agender
796,Marcille,Troutbeck,mtroutbeckm3@skyrock.com,Female
797,Karlens,Honig,khonigm4@umich.edu,Male
798,Jody,Kimbrey,jkimbreym5@netvibes.com,Female
799,Estevan,Lauderdale,elauderdalem6@boston.com,Male
800,Reginald,Lyenyng,rlyenyngm7@google.pl,Male
801,Antoni,Graham,agrahamm8@pinterest.com,Male
802,Frieda,Keel,fkeelm9@nasa.gov,Female
803,Tome,Shermore,tshermorema@mail.ru,Male
804,Olive,Reisenberg,oreisenbergmb@ucsd.edu,Female
805,Tammie,Moncreiff,tmoncreiffmc@google.co.uk,Male
806,Nadya,Alenikov,nalenikovmd@mail.ru,Female
807,Fleming,Bullas,fbullasme@tiny.cc,Male
808,Kellina,Frearson,kfrearsonmf@geocities.com,Female
809,Patrizio,Capelen,pcapelenmg@dyndns.org,Male
810,Dael,Whiffen,dwhiffenmh@mit.edu,Male
811,Gianni,Carnall,gcarnallmi@hatena.ne.jp,Non-binary
812,Lou,Johnigan,ljohniganmj@scientificamerican.com,Male
813,Malvin,Ritmeier,mritmeiermk@geocities.com,Male
814,Ceciley,Maisey,cmaiseyml@msn.com,Female
815,Bard,Jedrych,bjedrychmm@shareasale.com,Male
816,Piotr,Golagley,pgolagleymn@eepurl.com,Male
817,Zonda,Finnimore,zfinnimoremo@usgs.gov,Genderqueer
818,Lari,Dohms,ldohmsmp@globo.com,Female
819,Arney,Skellon,askellonmq@imdb.com,Male
820,Chicky,Jeannin,cjeanninmr@addthis.com,Female
821,Adriena,Toun,atounms@jimdo.com,Female
822,Sibel,Kovnot,skovnotmt@cam.ac.uk,Female
823,Winne,Cherryman,wcherrymanmu@toplist.cz,Polygender
824,Gert,Lippett,glippettmv@ed.gov,Female
825,Dallas,Shurrocks,dshurrocksmw@opensource.org,Female
826,Rolland,Hovenden,rhovendenmx@addthis.com,Male
827,Harman,Zincke,hzinckemy@wsj.com,Male
828,Yancy,Ciobotaro,yciobotaromz@buzzfeed.com,Male
829,Bidget,Jurewicz,bjurewiczn0@mashable.com,Female
830,Jeanelle,Bails,jbailsn1@ucsd.edu,Female
831,Hillary,Kidstone,hkidstonen2@digg.com,Genderqueer
832,Susan,Ghidelli,sghidellin3@virginia.edu,Female
833,Babbie,Arendt,barendtn4@usnews.com,Genderqueer
834,Abbe,Tabbernor,atabbernorn5@google.com.hk,Male
835,Griselda,Godbert,ggodbertn6@about.me,Female
836,Kienan,Ropartz,kropartzn7@wiley.com,Male
837,Flossy,O'Cannovane,focannovanen8@fastcompany.com,Female
838,Darlleen,Kitchinghan,dkitchinghann9@live.com,Female
839,Garner,McConnell,gmcconnellna@dell.com,Male
840,Ibrahim,Marfe,imarfenb@livejournal.com,Male
841,Dex,Bodycomb,dbodycombnc@tumblr.com,Male
842,Binnie,Pettitt,bpettittnd@scientificamerican.com,Female
843,Dari,Bertrand,dbertrandne@nyu.edu,Female
844,Horton,Bamber,hbambernf@nsw.gov.au,Male
845,Giacinta,Sarchwell,gsarchwellng@photobucket.com,Female
846,Cesare,Tomasino,ctomasinonh@google.co.jp,Male
847,Quentin,Matzkaitis,qmatzkaitisni@ucoz.com,Female
848,Torrie,Gotliffe,tgotliffenj@latimes.com,Female
849,Rip,Lalor,rlalornk@sogou.com,Non-binary
850,Jerrold,Banister,jbanisternl@ocn.ne.jp,Male
851,Wells,Knewstubb,wknewstubbnm@dailymail.co.uk,Male
852,Tome,Farnham,tfarnhamnn@narod.ru,Male
853,Matilda,Croasdale,mcroasdaleno@wikispaces.com,Female
854,Wald,Doding,wdodingnp@pen.io,Male
855,Caryn,Rusling,cruslingnq@hud.gov,Female
856,Oliviero,Rasher,orashernr@archive.org,Male
857,Patricia,Semorad,psemoradns@sogou.com,Female
858,Dolli,Lackney,dlackneynt@sphinn.com,Female
859,Joanie,Gillum,jgillumnu@delicious.com,Female
860,Lishe,Dutson,ldutsonnv@vk.com,Female
861,Cristobal,Ritchley,critchleynw@yellowpages.com,Male
862,Gertrudis,Sharrock,gsharrocknx@cnbc.com,Female
863,Jan,Betje,jbetjeny@newyorker.com,Male
864,Fraze,Humbie,fhumbienz@engadget.com,Male
865,Maggy,Goudge,mgoudgeo0@cnet.com,Female
866,Conan,Windram,cwindramo1@nytimes.com,Male
867,Em,Aizic,eaizico2@wsj.com,Female
868,Chrysa,Bilyard,cbilyardo3@blinklist.com,Female
869,Katerine,Lilleyman,klilleymano4@opensource.org,Agender
870,Dodi,Dransfield,ddransfieldo5@technorati.com,Female
871,Hagan,Northcliffe,hnorthcliffeo6@mashable.com,Male
872,Kelwin,Deavall,kdeavallo7@uol.com.br,Male
873,Merwyn,Hildred,mhildredo8@51.la,Male
874,Linus,Diamond,ldiamondo9@google.com.au,Male
875,Honoria,Elliss,hellissoa@wordpress.com,Female
876,Marjy,Ranald,mranaldob@ftc.gov,Female
877,Colas,Fanshawe,cfanshaweoc@timesonline.co.uk,Male
878,Harriot,Greaser,hgreaserod@squarespace.com,Female
879,Layla,Fontes,lfontesoe@usatoday.com,Genderfluid
880,Nickolaus,Brou,nbrouof@thetimes.co.uk,Agender
881,Artemis,Gerssam,agerssamog@nsw.gov.au,Male
882,Vincents,Crumbleholme,vcrumbleholmeoh@ow.ly,Male
883,Fremont,Bunney,fbunneyoi@biglobe.ne.jp,Male
884,Sebastiano,Peizer,speizeroj@geocities.com,Male
885,Ibrahim,Brownlow,ibrownlowok@uiuc.edu,Male
886,Bentlee,Skym,bskymol@hexun.com,Male
887,Alyce,Trusdale,atrusdaleom@bigcartel.com,Female
888,Maribelle,Dewi,mdewion@themeforest.net,Female
889,Lennie,Potten,lpottenoo@wp.com,Male
890,Nollie,Boyda,nboydaop@skype.com,Male
891,Fidelia,Sergean,fsergeanoq@hud.gov,Female
892,Sloan,Tremeer,stremeeror@oaic.gov.au,Male
893,Faythe,Hundal,fhundalos@blinklist.com,Female
894,Paddie,Shovelin,pshovelinot@theguardian.com,Male
895,Cleve,Durber,cdurberou@linkedin.com,Male
896,Francisco,Erdis,ferdisov@networkadvertising.org,Male
897,Liuka,Eynald,leynaldow@europa.eu,Female
898,Bowie,Carncross,bcarncrossox@irs.gov,Male
899,Brandais,Lines,blinesoy@blogger.com,Female
900,Meyer,Roseburgh,mroseburghoz@wp.com,Male
901,Mariejeanne,Tribbeck,mtribbeckp0@topsy.com,Agender
902,Willem,Springall,wspringallp1@biglobe.ne.jp,Male
903,Hubert,Sarten,hsartenp2@canalblog.com,Male
904,Richmound,Graalmans,rgraalmansp3@macromedia.com,Male
905,Taffy,Loudiane,tloudianep4@joomla.org,Agender
906,Bernadette,Raddin,braddinp5@purevolume.com,Female
907,Thorstein,Bygott,tbygottp6@columbia.edu,Male
908,Wilone,Beauly,wbeaulyp7@mashable.com,Female
909,Raine,Vinas,rvinasp8@netlog.com,Female
910,Joeann,Vere,jverep9@diigo.com,Female
911,Rhodie,Davydkov,rdavydkovpa@dion.ne.jp,Female
912,Constancy,Goulborne,cgoulbornepb@mac.com,Bigender
913,Pepillo,Kaes,pkaespc@mapquest.com,Male
914,Louisette,Rabb,lrabbpd@stanford.edu,Female
915,Billye,Foxcroft,bfoxcroftpe@aboutads.info,Female
916,Jacques,Ghest,jghestpf@gnu.org,Male
917,Hoebart,Chennells,hchennellspg@cpanel.net,Male
918,Kermie,Cokly,kcoklyph@friendfeed.com,Male
919,Abramo,Tireman,atiremanpi@deviantart.com,Male
920,Ashleigh,Dampney,adampneypj@i2i.jp,Female
921,Marji,Meese,mmeesepk@europa.eu,Female
922,Peder,Hubach,phubachpl@amazon.de,Male
923,Genvieve,Dovydenas,gdovydenaspm@a8.net,Female
924,Winny,Cordingley,wcordingleypn@hao123.com,Female
925,Dalt,Batthew,dbatthewpo@cnn.com,Male
926,Christie,Dimitresco,cdimitrescopp@apple.com,Male
927,Hercules,Andren,handrenpq@hc360.com,Male
928,Jeromy,Feavers,jfeaverspr@nasa.gov,Agender
929,Erhart,Kitlee,ekitleeps@youku.com,Male
930,Charlotte,Gritton,cgrittonpt@npr.org,Female
931,Maurine,Gauge,mgaugepu@cbsnews.com,Female
932,Juieta,Wince,jwincepv@kickstarter.com,Female
933,Ruperto,Delgadillo,rdelgadillopw@prnewswire.com,Male
934,Melloney,Cullip,mcullippx@usnews.com,Female
935,Brig,McClaren,bmcclarenpy@state.tx.us,Male
936,Janel,Almack,jalmackpz@live.com,Agender
937,Monro,Craighead,mcraigheadq0@w3.org,Male
938,Ethelred,Fury,efuryq1@unicef.org,Male
939,Leeann,William,lwilliamq2@mayoclinic.com,Female
940,Megan,Keeling,mkeelingq3@dropbox.com,Polygender
941,Marsh,O'Keefe,mokeefeq4@mediafire.com,Male
942,Mirabelle,Starbucke,mstarbuckeq5@freewebs.com,Agender
943,Dael,Balhatchet,dbalhatchetq6@bloglines.com,Male
944,Nady,Meiklejohn,nmeiklejohnq7@i2i.jp,Female
945,Esteban,Sloegrave,esloegraveq8@flickr.com,Male
946,Brandon,Asquith,basquithq9@mapquest.com,Male
947,Vivyan,Speedin,vspeedinqa@yelp.com,Female
948,Dorris,Testro,dtestroqb@pinterest.com,Female
949,Duff,Skellorne,dskellorneqc@nydailynews.com,Male
950,Pierre,Rolston,prolstonqd@altervista.org,Bigender
951,Crissy,Grouvel,cgrouvelqe@clickbank.net,Female
952,Dillie,Tomik,dtomikqf@webnode.com,Polygender
953,Richie,Shorte,rshorteqg@biblegateway.com,Male
954,Yvette,Goodrich,ygoodrichqh@reddit.com,Female
955,Charlie,Hulles,chullesqi@themeforest.net,Male
956,Harbert,Cavaney,hcavaneyqj@cam.ac.uk,Male
957,Innis,Starling,istarlingqk@printfriendly.com,Male
958,Lucina,Gusticke,lgustickeql@sourceforge.net,Female
959,Selig,Leger,slegerqm@fc2.com,Male
960,Augustina,Sloan,asloanqn@nps.gov,Female
961,Chelsie,Hawking,chawkingqo@cam.ac.uk,Female
962,Lida,Stoade,lstoadeqp@meetup.com,Female
963,Gene,Paolazzi,gpaolazziqq@jigsy.com,Male
964,Neala,Brech,nbrechqr@sourceforge.net,Female
965,Prentice,Cino,pcinoqs@indiegogo.com,Male
966,Lowell,Carress,lcarressqt@trellian.com,Male
967,Jenelle,Verney,jverneyqu@macromedia.com,Female
968,Reece,Spaduzza,rspaduzzaqv@imdb.com,Genderqueer
969,Stesha,Armour,sarmourqw@narod.ru,Female
970,Athena,Brimley,abrimleyqx@hibu.com,Female
971,Ekaterina,Tinline,etinlineqy@vistaprint.com,Female
972,Jasen,Haysom,jhaysomqz@baidu.com,Male
973,Burk,Brugsma,bbrugsmar0@tuttocitta.it,Male
974,Penny,MacIlory,pmaciloryr1@wired.com,Male
975,Jobi,Cattermull,jcattermullr2@squarespace.com,Female
976,Randy,Oxx,roxxr3@desdev.cn,Female
977,Courtnay,Stolze,cstolzer4@aol.com,Male
978,Gerrard,Noorwood,gnoorwoodr5@t.co,Male
979,Rennie,Todari,rtodarir6@digg.com,Female
980,Tara,Osgardby,tosgardbyr7@discovery.com,Female
981,Arri,McCawley,amccawleyr8@ft.com,Agender
982,Eilis,Gauson,egausonr9@elegantthemes.com,Agender
983,Vivien,O'Lenane,volenanera@zimbio.com,Bigender
984,Barbe,Burds,bburdsrb@yandex.ru,Female
985,Sofie,Cowper,scowperrc@vk.com,Female
986,Eden,Dehm,edehmrd@ucoz.com,Female
987,Anallese,Oliver-Paull,aoliverpaullre@cnbc.com,Female
988,Bobbye,Constantine,bconstantinerf@ca.gov,Female
989,Nariko,Vaen,nvaenrg@alibaba.com,Female
990,Filia,Dumbar,fdumbarrh@plala.or.jp,Female
991,Bank,Lawes,blawesri@seattletimes.com,Male
992,Missie,Linstead,mlinsteadrj@oaic.gov.au,Female
993,Kimbell,Figin,kfiginrk@hao123.com,Male
994,Gabrila,Woodhall,gwoodhallrl@tiny.cc,Female
995,Scotty,Offell,soffellrm@discovery.com,Male
996,Bordie,Strover,bstroverrn@unesco.org,Male
997,Billie,Caughan,bcaughanro@archive.org,Male
998,Findlay,Harmston,fharmstonrp@qq.com,Male
999,Ringo,Inns,rinnsrq@statcounter.com,Male
1000,Kalinda,Antonijevic,kantonijevicrr@feedburner.com,Female
